predictor,maxent_jk_unique,maxent_jk_norm,rf_perm_mean,rf_perm_std,xgb_gain_norm,lgb_gain_norm,cat_gain_norm
available_water_storage,0.08,0.18497109826589528,0.009633473889069055,0.0008829489191576985,0.08469409332859819,0.14615309079564018,0.08684702052586642
curvature,0.0010000000000003,0.0023121387283243843,0.0003567953292247683,0.00036840144961400534,0.014791817759607223,0.002669470054933445,0.03016801972436752
curve_number,0.0032,0.007398843930635811,0.00016217969510218255,0.00016217969510218255,0.017658688683708016,0.003807963531107511,0.02636402564094593
dem,0.0456000000000003,0.105433526011561,0.00836847226727212,0.001211906694276317,0.0723868553262167,0.06170342059962575,0.1298647135290157
depth_to_restriction,0.0335,0.07745664739884364,-9.730781706130953e-05,0.0003259771528096487,0.05384442305908185,0.027668189604886727,0.02272599777713433
distance_to_outfall,0.1353000000000004,0.31283236994219626,0.009990269218293856,0.0010236609690599677,0.2735364608978112,0.0698127753601836,0.0872827166720888
distance_to_streams,0.0007000000000001,0.0016184971098268147,-0.0006162828413882937,0.00042166720726567465,0.02766370732999233,0.002684772874610064,0.03305397849186591
drainage_density,0.02,0.04624277456647382,0.0005838469023677684,0.00047670899956856453,0.02429038942209889,0.01873786116235275,0.045806059990611755
hand,-0.0062999999999999,0.0,0.004865390853065166,0.0011513616185078604,0.03950087437943686,0.023215648732043917,0.12663667359303107
hydrologic_soil_group,0.0121000000000002,0.02797687861271712,-0.00019461563412261906,0.00015890299985619975,0.043382733680996925,0.0007069497625582686,0.021003734299152775
impervious_pct,0.0180000000000002,0.041618497109826895,0.006422315926046018,0.001287670012408653,0.09281900558766543,0.04726822731396134,0.05840031729052614
ksat,0.0093,0.021502890173410324,0.0007135906584495366,0.0011855768331169054,0.0361759680220698,0.0067095965997605,0.05934910454533839
nlcd_landcover,0.0394000000000001,0.09109826589595366,9.730781706129843e-05,0.00029192345118390765,0.015524036791737866,0.0029709137463958405,0.02890255324730448
population_density,0.0133,0.030751445086705086,-3.243593902046982e-05,0.00063973671499565,0.03429473438877406,0.036258766989598644,0.06852188584310372
slope,0.0198,0.04578034682080908,0.0022056438533895164,0.0005580489955914645,0.03070726107023851,0.016577954926470958,0.07282409239672112
stormwater_density,0.0013,0.0030057803468207978,-0.0010703859876743937,0.0004115659273580773,0.118946995548692,0.5283997067395497,0.07684410019644783
twi,-0.0002999999999997,0.0,0.00012974375608173493,0.00025948751216346987,0.01978195472327413,0.004654691206320822,0.025405006236478053
