model,predictor,mean_abs_shap,mean_signed_shap,direction_corr,share
MaxEnt,available_water_storage,1.842815394961476,4.591882429849648e-16,1.0,0.20680271849836002
MaxEnt,curvature,0.08333417841654761,8.881784197001253e-19,-0.07964919845020133,0.009351850808002217
MaxEnt,curve_number,0.03578215262302972,1.4432899320127036e-17,0.9999999999999998,0.004015511513740346
MaxEnt,dem,1.125747646918063,1.758593271006248e-16,-1.0,0.12633260735845664
MaxEnt,depth_to_restriction,1.1490094494705756,-2.3359092438113295e-16,-1.0,0.1289430717696964
MaxEnt,distance_to_outfall,1.5663015635441635,2.611244553918368e-16,-0.9746329690728966,0.17577204000726085
MaxEnt,distance_to_streams,0.08193832908774465,1.815214645262131e-17,-0.9957779444104137,0.009195207100444847
MaxEnt,drainage_density,0.349565873490695,-2.842170943040401e-17,0.9998162206890226,0.039228656939693504
MaxEnt,hand,0.6319101616022242,-5.195843755245733e-17,-1.0,0.07091363552929827
MaxEnt,hydrologic_soil_group,0.28899247518925486,-1.4432899320127036e-17,0.6439170234950315,0.03243104526807859
MaxEnt,impervious_pct,0.37632788304784026,-3.819167204710538e-17,0.9873399313455742,0.04223191833203303
MaxEnt,ksat,0.5418334677893436,-1.6697754290362354e-16,0.9902084316874213,0.06080513241782001
MaxEnt,nlcd_landcover,0.3099575911251658,7.105427357601002e-18,-0.3971719988581603,0.03478377304593087
MaxEnt,population_density,0.030701488467038025,2.4424906541753442e-18,-0.0718142769485775,0.0034453539373987267
MaxEnt,slope,0.41667562913586853,-3.1086244689504386e-17,0.6736498699124674,0.04675978563718991
MaxEnt,stormwater_density,0.04768954982580735,-3.885780586188048e-18,-0.9869247480762517,0.005351772388544715
MaxEnt,twi,0.03239961438786074,-1.3322676295501879e-18,-0.8905518606379651,0.00363591944805098
Random Forest,available_water_storage,0.07043737636959031,-0.05715185751730707,0.6371460289552383,0.12784284526565337
Random Forest,curvature,0.006118540624906697,-0.004995019424549533,0.21319751407601703,0.011105064990740663
Random Forest,curve_number,0.0037589533269493775,-0.0036918401022942465,0.4314231492959518,0.006822447304347223
Random Forest,dem,0.060520358745922744,-0.0549057250563969,-0.7909464252366063,0.1098435980633308
Random Forest,depth_to_restriction,0.007113344118502149,-0.00650262786947762,0.7073458944311034,0.012910619309432762
Random Forest,distance_to_outfall,0.0913151041186704,-0.07174896484458464,-0.44407056919931226,0.16573562684967033
Random Forest,distance_to_streams,0.018476384289008052,-0.016595708117223693,-0.7615432115702457,0.0335343770519564
Random Forest,drainage_density,0.020142370022725117,-0.017354253085418832,0.853407739788577,0.03655811767586652
Random Forest,hand,0.04129230681891068,-0.034492237003812,-0.8224920491123078,0.07494495484347619
Random Forest,hydrologic_soil_group,0.006899714690229249,-0.004918366560189647,-0.8851831649170709,0.012522884908316238
Random Forest,impervious_pct,0.06335956209300486,-0.04533327337383995,0.7676628645841184,0.114996712118491
Random Forest,ksat,0.026045138401003077,-0.023153971437747063,0.9356442071464777,0.04727155908037876
Random Forest,nlcd_landcover,0.013676537518173965,-0.010543733264919754,-0.7511529594967521,0.02482272281879977
Random Forest,population_density,0.03666096298795659,-0.028990790525334202,0.7129751836447454,0.06653913107108024
Random Forest,slope,0.021355685197493927,-0.015960166402646157,0.9011263682815922,0.038760267615872014
Random Forest,stormwater_density,0.05795570023564342,-0.04621706627135173,0.6633183660064228,0.10518877901713998
Random Forest,twi,0.0058404266329345495,-0.004497410578797473,-0.7791215952803988,0.010600292015447698
XGBoost,available_water_storage,0.49940991401672363,-0.4172214865684509,0.6847753792486091,0.09687814116477966
XGBoost,curvature,0.07055966556072235,-0.04728787764906883,0.39379708657032736,0.01368753146380186
XGBoost,curve_number,0.030451716855168343,-0.022483844310045242,0.8191782438616744,0.005907182581722736
XGBoost,dem,0.824717104434967,-0.7276132106781006,-0.8186778187745174,0.15998291969299316
XGBoost,depth_to_restriction,0.017634877935051918,-0.008419405668973923,-0.691564061101244,0.0034209054429084063
XGBoost,distance_to_outfall,1.1191773414611816,-0.8140955567359924,-0.42744928351166334,0.21710385382175446
XGBoost,distance_to_streams,0.14278264343738556,-0.12892869114875793,-0.7477338294917245,0.027697721496224403
XGBoost,drainage_density,0.14339670538902283,-0.08915995061397552,0.6711966225441841,0.027816839516162872
XGBoost,hand,0.37846454977989197,-0.2925722301006317,-0.7895338951312345,0.07341652363538742
XGBoost,hydrologic_soil_group,0.009934679605066776,-0.004020929802209139,0.1419750310534243,0.001927180914208293
XGBoost,impervious_pct,0.7090445160865784,-0.5270244479179382,0.7669810258417663,0.1375441551208496
XGBoost,ksat,0.20210422575473785,-0.18178361654281616,0.7358150940730719,0.03920523077249527
XGBoost,nlcd_landcover,0.015502366237342358,-0.012641835026443005,0.22414875777394797,0.003007229883223772
XGBoost,population_density,0.45545494556427,-0.4063347280025482,0.7121373598078832,0.0883515253663063
XGBoost,slope,0.2143128365278244,-0.14053834974765778,0.8780953936959964,0.04157352074980736
XGBoost,stormwater_density,0.281831294298172,-0.21999093890190125,0.8448042446538944,0.05467110127210617
XGBoost,twi,0.04025257006287575,-0.03361547365784645,-0.603971174962215,0.0078084031119942665
LightGBM,available_water_storage,0.21304812105593457,-0.032746925587262936,0.8448126516606623,0.1423727780598341
LightGBM,curvature,0.002782877972252304,0.0021348593643413043,0.04176768467580527,0.0018597022397914354
LightGBM,curve_number,0.003126404560751728,-0.00030387763899961454,0.09836812138701735,0.0020892693183447346
LightGBM,dem,0.18051371372202393,-0.02372664144838894,-0.780827957627616,0.12063114555117194
LightGBM,depth_to_restriction,0.037412935342082336,0.004490632407450715,-0.7913095292310524,0.025001786045448143
LightGBM,distance_to_outfall,0.294229061099864,0.02574103135875721,-0.4954010853668023,0.19662322580975156
LightGBM,distance_to_streams,0.0012050096079924625,-0.0004271895522546629,0.10256141585883574,0.0008052667379950105
LightGBM,drainage_density,0.025306368083818857,-0.0011848163473097023,0.24940886650158475,0.016911380907002133
LightGBM,hand,0.05735568487743298,-0.00545577041151555,-0.6462935457144717,0.03832884398628721
LightGBM,hydrologic_soil_group,0.008410693947443407,0.0021902293992435945,0.4536202102320119,0.0056205793168866555
LightGBM,impervious_pct,0.15338525407616657,-0.0375967787621632,0.7611132915077141,0.10250212312599516
LightGBM,ksat,0.05517998380800873,0.0008561380048722537,0.8193012196705444,0.03687489731946655
LightGBM,nlcd_landcover,0.0035569283267842173,-0.000586058390448408,0.23279941651817992,0.002376973637383225
LightGBM,population_density,0.15574339885545366,0.057983235674482804,0.9249043355619254,0.10407799068882737
LightGBM,slope,0.06309478080004702,0.00179888863848269,0.680142826660791,0.04216408564908463
LightGBM,stormwater_density,0.23742977847569122,-0.02983788951431044,0.4832382221211428,0.15866620643342935
LightGBM,twi,0.004629512784533839,0.0009696445936442116,0.23780319785797455,0.0030937451733007936
CatBoost,available_water_storage,0.657807795204705,-0.004385196578512632,0.9641898050678426,0.10331644853741845
CatBoost,curvature,0.1328954813061214,-0.018824053612606365,-0.6110682515574117,0.020872797883075528
CatBoost,curve_number,0.16364953806544133,0.014149329340074256,0.30834451863698686,0.02570308409381029
CatBoost,dem,0.7929527036268307,-0.10251486238223453,-0.7553373973503615,0.12454254539713047
CatBoost,depth_to_restriction,0.2018649061132207,-0.01084481929054449,0.798400289111705,0.031705256970187085
CatBoost,distance_to_outfall,0.521432447219266,0.007911962188442676,-0.8894974106222459,0.0818970966771604
CatBoost,distance_to_streams,0.10746753272759343,-0.021669883816240538,-0.6098705090077536,0.016879039584866147
CatBoost,drainage_density,0.14186306973543547,0.017887736358656495,0.2746717211382122,0.022281263084029338
CatBoost,hand,0.970964618668039,0.0002837432859029805,-0.8397245477180644,0.1525014096633695
CatBoost,hydrologic_soil_group,0.06418715162718722,-0.017241714037961327,-0.1826074372312927,0.01008134685571803
CatBoost,impervious_pct,0.7065000355764235,-0.01724872298050228,0.7673631771252023,0.11096413739609295
CatBoost,ksat,0.2692965519141306,-0.05254501045402221,0.7323108069860972,0.04229618978364686
CatBoost,nlcd_landcover,0.12333427673172072,-0.04011001457322229,-0.2845113513474851,0.019371098286980908
CatBoost,population_density,0.41650339592610713,0.013262985186604275,0.7851520022476509,0.06541675544825147
CatBoost,slope,0.5882563212317923,0.01893517183179543,0.9056898726017354,0.0923925717852619
CatBoost,stormwater_density,0.39489810682498855,0.0330723965344024,0.8971471040130263,0.062023390766616567
CatBoost,twi,0.11304831963846376,0.010249730737301224,-0.6018041375443013,0.017755567786384045
