,available_water_storage,curvature,curve_number,dem,depth_to_restriction,distance_to_outfall,distance_to_streams,drainage_density,flow_accumulation,hand,impervious_pct,ksat,median_income,population_density,slope,spi,stormwater_density,tpi,tri,twi,VIF,dropped
available_water_storage,1.0,-0.019791022564408567,0.013656316614191656,-0.5992898398513774,0.7800798337725714,-0.23977200426388734,0.09883010934311379,-0.04969901116857005,0.03002045558727101,-0.4509047724700908,0.12092063900498258,0.20917997518074846,-0.13883926754741227,0.1424086021782197,-0.4876686620722097,-0.2876312290703291,0.10072011091510534,-0.02429212749608002,-0.4669600538772356,0.3573059475991387,3.417321461753179,False
curvature,-0.019791022564408567,1.0,0.014850990610548075,0.04587212927913333,-0.008911613520394096,-0.0009860563909936456,0.005662289904714575,0.003525321825925977,-0.2766303094245462,0.0931950492702105,0.0059185960128483655,0.003757382804546911,-0.0018098907729983404,-0.0007167568453630689,0.03237135329414531,-0.21951279349975006,0.0008099972706339094,0.9716349766798681,-0.010539717987381157,-0.22888744436299158,1.073856558808163,False
curve_number,0.013656316614191656,0.014850990610548075,1.0,0.04270442324788818,-0.07368001867047785,-0.09827528765608788,0.1236657678388194,-0.07391353701040965,-0.02402638515069062,0.08420355481457314,0.37337697056855373,-0.3877070480046765,0.005898493649995372,0.20343754125643146,-0.05924657067887961,-0.081884171677745,0.2590336016046902,0.018403873101990743,-0.07532490112023908,0.049920441560110176,1.4704147074369203,False
dem,-0.5992898398513774,0.04587212927913333,0.04270442324788818,1.0,-0.4543291674818735,0.3624452971057352,-0.24157362682601435,0.2029394112553824,-0.019785354405369923,0.5721955788217017,-0.19199523937449336,-0.30834943822436217,0.24820812222775482,-0.15601913199618545,0.42864947786482127,0.31838924473027613,-0.1877211952411909,0.05275361563339244,0.40537846315345155,-0.3874173207694854,2.568436942607162,False
depth_to_restriction,0.7800798337725714,-0.008911613520394096,-0.07368001867047785,-0.4543291674818735,1.0,-0.2728372691525234,0.06022900462343997,-0.044125223398854184,-0.0005721969029642811,-0.38912482057636727,0.03439607970969475,0.22293322080305528,-0.10319368409952664,0.08421005137155356,-0.4270636246857791,-0.27000756560531,0.0015413745605970404,-0.01159794645163216,-0.4114886275123186,0.2874447266075642,2.84673218132625,False
distance_to_outfall,-0.23977200426388734,-0.0009860563909936456,-0.09827528765608788,0.3624452971057352,-0.2728372691525234,1.0,-0.14302543581176405,0.0862602376896214,0.040999996952173594,0.15810756694217318,-0.3667765221880374,-0.16172038096598673,0.020394263860896253,-0.3359654132583215,0.1614769403563193,0.14685508836622396,-0.4304369836308646,-0.0009835252624862138,0.14922122840015503,-0.09223258558023936,1.542886454764147,False
distance_to_streams,0.09883010934311379,0.005662289904714575,0.1236657678388194,-0.24157362682601435,0.06022900462343997,-0.14302543581176405,1.0,-0.6719093940705549,-0.05051533430886132,0.15979941439458634,0.20876657027081486,0.08362093217215112,-0.3099439075522045,0.31507587990266434,-0.20998027818852424,-0.2135929223177419,0.2919900498537822,0.00739858726455099,-0.219428116237773,0.1553268219878498,2.2396406950592818,False
drainage_density,-0.04969901116857005,0.003525321825925977,-0.07391353701040965,0.2029394112553824,-0.044125223398854184,0.0862602376896214,-0.6719093940705549,1.0,0.033208838545287465,-0.1398472716527059,-0.14120347118646165,-0.0412162740320462,0.30278259731022095,-0.16083487296406018,0.1557167195205828,0.16861349639768428,-0.16632805108120396,0.003440920799581289,0.16139846255819393,-0.13636101645313017,1.918064327893421,False
flow_accumulation,0.03002045558727101,-0.2766303094245462,-0.02402638515069062,-0.019785354405369923,-0.0005721969029642811,0.040999996952173594,-0.05051533430886132,0.033208838545287465,1.0,-0.0940684311001337,-0.04953690681230562,-0.04204190677202805,0.020787139036991892,-0.009848345553948291,0.022084483221481817,0.8113266265390439,-0.02319301129523183,-0.30477707408586674,0.06374616370032499,0.7677715931338146,,True
hand,-0.4509047724700908,0.0931950492702105,0.08420355481457314,0.5721955788217017,-0.38912482057636727,0.15810756694217318,0.15979941439458634,-0.1398472716527059,-0.0940684311001337,1.0,-0.054383011698443784,-0.27040686205328157,0.04070619889403083,-0.00334680954279341,0.38815944347226783,0.16648747953252496,-0.05963845887923642,0.1093292573947622,0.36391274651509103,-0.34045458742513984,1.9741568584631237,False
impervious_pct,0.12092063900498258,0.0059185960128483655,0.37337697056855373,-0.19199523937449336,0.03439607970969475,-0.3667765221880374,0.20876657027081486,-0.14120347118646165,-0.04953690681230562,-0.054383011698443784,1.0,-0.0220408240574814,-0.0801976178760433,0.4810318447499255,-0.15925963796480694,-0.10952862139376714,0.6584677560154754,0.006691335552630142,-0.1485418366702395,0.02978251118930275,2.0287769685308974,False
ksat,0.20917997518074846,0.003757382804546911,-0.3877070480046765,-0.30834943822436217,0.22293322080305528,-0.16172038096598673,0.08362093217215112,-0.0412162740320462,-0.04204190677202805,-0.27040686205328157,-0.0220408240574814,1.0,-0.07919693144263697,-0.14214708713006313,-0.2759396557030833,-0.2020008107916317,-0.08393524387413587,0.0036242095989476564,-0.26547544292450725,0.15191661804082535,1.5044762161232974,False
median_income,-0.13883926754741227,-0.0018098907729983404,0.005898493649995372,0.24820812222775482,-0.10319368409952664,0.020394263860896253,-0.3099439075522045,0.30278259731022095,0.020787139036991892,0.04070619889403083,-0.0801976178760433,-0.07919693144263697,1.0,-0.21266238538175314,0.12851115855558587,0.14382884209737695,-0.1625832321967324,-0.0012415330916528686,0.12648192976604503,-0.1297616182042324,1.2183806211005859,False
population_density,0.1424086021782197,-0.0007167568453630689,0.20343754125643146,-0.15601913199618545,0.08421005137155356,-0.3359654132583215,0.31507587990266434,-0.16083487296406018,-0.009848345553948291,-0.00334680954279341,0.4810318447499255,-0.14214708713006313,-0.21266238538175314,1.0,-0.10336654391605538,-0.051491633569983174,0.702268455610606,-0.001158350814729527,-0.09797676895335955,0.03379724016295922,2.1707951906057827,False
slope,-0.4876686620722097,0.03237135329414531,-0.05924657067887961,0.42864947786482127,-0.4270636246857791,0.1614769403563193,-0.20998027818852424,0.1557167195205828,0.022084483221481817,0.38815944347226783,-0.15925963796480694,-0.2759396557030833,0.12851115855558587,-0.10336654391605538,1.0,0.5153792619365435,-0.12934979444567943,0.03087678714874833,0.9836230911814966,-0.5047206103023001,1.7666755483727359,False
spi,-0.2876312290703291,-0.21951279349975006,-0.081884171677745,0.31838924473027613,-0.27000756560531,0.14685508836622396,-0.2135929223177419,0.16861349639768428,0.8113266265390439,0.16648747953252496,-0.10952862139376714,-0.2020008107916317,0.14382884209737695,-0.051491633569983174,0.5153792619365435,1.0,-0.07892423744297487,-0.24369117963737583,0.5434918799385268,0.25813091786735237,,True
stormwater_density,0.10072011091510534,0.0008099972706339094,0.2590336016046902,-0.1877211952411909,0.0015413745605970404,-0.4304369836308646,0.2919900498537822,-0.16632805108120396,-0.02319301129523183,-0.05963845887923642,0.6584677560154754,-0.08393524387413587,-0.1625832321967324,0.702268455610606,-0.12934979444567943,-0.07892423744297487,1.0,0.0004489625834493027,-0.12213303015990189,0.04250545193963606,2.9380444565295156,False
tpi,-0.02429212749608002,0.9716349766798681,0.018403873101990743,0.05275361563339244,-0.01159794645163216,-0.0009835252624862138,0.00739858726455099,0.003440920799581289,-0.30477707408586674,0.1093292573947622,0.006691335552630142,0.0036242095989476564,-0.0012415330916528686,-0.001158350814729527,0.03087678714874833,-0.24369117963737583,0.0004489625834493027,1.0,-0.013592083762081965,-0.25026153920822614,,True
tri,-0.4669600538772356,-0.010539717987381157,-0.07532490112023908,0.40537846315345155,-0.4114886275123186,0.14922122840015503,-0.219428116237773,0.16139846255819393,0.06374616370032499,0.36391274651509103,-0.1485418366702395,-0.26547544292450725,0.12648192976604503,-0.09797676895335955,0.9836230911814966,0.5434918799385268,-0.12213303015990189,-0.013592083762081965,1.0,-0.4642361671514577,,True
twi,0.3573059475991387,-0.22888744436299158,0.049920441560110176,-0.3874173207694854,0.2874447266075642,-0.09223258558023936,0.1553268219878498,-0.13636101645313017,0.7677715931338146,-0.34045458742513984,0.02978251118930275,0.15191661804082535,-0.1297616182042324,0.03379724016295922,-0.5047206103023001,0.25813091786735237,0.04250545193963606,-0.25026153920822614,-0.4642361671514577,1.0,1.5481753302016772,False
