event,n_test,model,auc
2007_5_24,27,Logistic Regression,0.9947599451303155
2007_5_24,27,Random Forest,0.9967352537722909
2007_5_24,27,XGBoost,0.9978326474622772
2007_5_24,27,LightGBM,0.994320987654321
2007_5_24,27,CatBoost,0.9870644718792867
2010_6_10,90,Logistic Regression,0.9891827160493827
2010_6_10,90,Random Forest,0.9958938271604938
2010_6_10,90,XGBoost,0.9953098765432099
2010_6_10,90,LightGBM,0.9939802469135802
2010_6_10,90,CatBoost,0.9945160493827161
2011_6_2,44,Logistic Regression,0.9397520661157025
2011_6_2,44,Random Forest,0.9482334710743803
2011_6_2,44,XGBoost,0.9720196280991735
2011_6_2,44,LightGBM,0.9457747933884296
2011_6_2,44,CatBoost,0.9530165289256197
2014_6_9,6,Logistic Regression,0.9727777777777777
2014_6_9,6,Random Forest,0.9922222222222222
2014_6_9,6,XGBoost,0.9844444444444445
2014_6_9,6,LightGBM,0.9827777777777776
2014_6_9,6,CatBoost,0.9822222222222222
2015_5_4,4,Logistic Regression,0.84
2015_5_4,4,Random Forest,0.905
2015_5_4,4,XGBoost,0.83375
2015_5_4,4,LightGBM,0.48625
2015_5_4,4,CatBoost,0.8887499999999999
2016_4_24,13,Logistic Regression,0.9926627218934911
2016_4_24,13,Random Forest,0.9923076923076922
2016_4_24,13,XGBoost,0.9915976331360946
2016_4_24,13,LightGBM,0.9761538461538461
2016_4_24,13,CatBoost,0.9926627218934911
2018_9_3,60,Logistic Regression,0.9542611111111112
2018_9_3,60,Random Forest,0.9566555555555556
2018_9_3,60,XGBoost,0.9520777777777778
2018_9_3,60,LightGBM,0.9582166666666667
2018_9_3,60,CatBoost,0.9509666666666666
2019_5_18,13,Logistic Regression,0.9512426035502959
2019_5_18,13,Random Forest,0.9908875739644971
2019_5_18,13,XGBoost,0.9862721893491124
2019_5_18,13,LightGBM,0.9839644970414202
2019_5_18,13,CatBoost,0.987810650887574
2019_8_30,6,Logistic Regression,0.8716666666666666
2019_8_30,6,Random Forest,0.9094444444444445
2019_8_30,6,XGBoost,0.9394444444444444
2019_8_30,6,LightGBM,0.9216666666666666
2019_8_30,6,CatBoost,0.9105555555555556
2021_7_15,2,Logistic Regression,0.99
2021_7_15,2,Random Forest,1.0
2021_7_15,2,XGBoost,1.0
2021_7_15,2,LightGBM,1.0
2021_7_15,2,CatBoost,1.0
2024_5_19,12,Logistic Regression,0.9504166666666667
2024_5_19,12,Random Forest,0.9688888888888889
2024_5_19,12,XGBoost,0.956875
2024_5_19,12,LightGBM,0.9641666666666666
2024_5_19,12,CatBoost,0.9552777777777778
