event,n_test,auc_maxent,auc_xgboost,diff
2007_5_24,27,0.994462962962963,0.9976406035665295,-0.0031776406035665117
2010_6_10,90,0.9926155555555555,0.9958567901234567,-0.0032412345679012633
2011_6_2,44,0.9390749999999999,0.9618285123966942,-0.02275351239669432
2014_6_9,6,0.9848833333333333,0.9872222222222222,-0.0023388888888888903
2015_5_4,4,0.777175,0.84,-0.06282500000000002
2016_4_24,13,0.9951153846153846,0.9927810650887574,0.0023343195266272154
2018_9_3,60,0.9568099999999999,0.9534444444444444,0.0033655555555555106
2019_5_18,13,0.9727384615384614,0.987810650887574,-0.015072189349112586
2019_8_30,6,0.91455,0.9327777777777778,-0.018227777777777843
2021_7_15,2,0.9974,1.0,-0.0026000000000000467
2024_5_19,12,0.9600416666666666,0.9555555555555555,0.00448611111111108
