predictor,perm_importance_standard,perm_importance_matched_refit,auc_matched_refit,auc_standard_same_contrast
available_water_storage,42.8975,44.8163,0.9369722743432748,0.9293995654750148
dem,7.7432,15.076,0.9369722743432748,0.9293995654750148
ksat,3.6518,10.9992,0.9369722743432748,0.9293995654750148
depth_to_restriction,7.7498,5.8632,0.9369722743432748,0.9293995654750148
drainage_density,2.0556,5.6709,0.9369722743432748,0.9293995654750148
impervious_pct,2.0275,4.7889,0.9369722743432748,0.9293995654750148
hand,3.7888,4.0819,0.9369722743432748,0.9293995654750148
slope,2.0049,2.5749,0.9369722743432748,0.9293995654750148
nlcd_landcover,0.9933,1.66,0.9369722743432748,0.9293995654750148
distance_to_streams,0.0,1.2693,0.9369722743432748,0.9293995654750148
stormwater_density,0.0,1.1055,0.9369722743432748,0.9293995654750148
population_density,0.4592,0.9754,0.9369722743432748,0.9293995654750148
hydrologic_soil_group,0.7651,0.5367,0.9369722743432748,0.9293995654750148
curvature,0.0689,0.3211,0.9369722743432748,0.9293995654750148
curve_number,0.053,0.1337,0.9369722743432748,0.9293995654750148
twi,0.1158,0.1169,0.9369722743432748,0.9293995654750148
distance_to_outfall,25.6256,0.01,0.9369722743432748,0.9293995654750148
