pair,threshold_a,threshold_b,b,c,chi2,p_value,note
Logistic Regression vs Random Forest,0.04207367409127213,0.7995706051960981,14,174,134.47340425531914,4.304487996396301e-31,
Logistic Regression vs XGBoost,0.04207367409127213,0.672105073928833,7,152,130.41509433962264,3.324525504446197e-30,
Logistic Regression vs LightGBM,0.04207367409127213,0.37044461286850927,9,137,110.47260273972603,7.720507875388093e-26,
Logistic Regression vs CatBoost,0.04207367409127213,0.6570881128827909,5,159,142.7378048780488,6.707473691050461e-33,
Logistic Regression vs MaxEnt (reference),0.04207367409127213,0.0842,37,26,1.5873015873015872,0.20771208572755318,
Random Forest vs XGBoost,0.7995706051960981,0.672105073928833,31,16,4.170212765957447,0.041140632972026185,
Random Forest vs LightGBM,0.7995706051960981,0.37044461286850927,44,12,17.160714285714285,3.4346658046984565e-05,
Random Forest vs CatBoost,0.7995706051960981,0.6570881128827909,18,12,0.8333333333333334,0.3613104285261789,
Random Forest vs MaxEnt (reference),0.7995706051960981,0.0842,189,18,139.61352657004832,3.233905733228267e-32,
XGBoost vs LightGBM,0.672105073928833,0.37044461286850927,26,9,7.314285714285714,0.006840858435828969,
XGBoost vs CatBoost,0.672105073928833,0.6570881128827909,12,21,1.9393939393939394,0.1637343543245882,
XGBoost vs MaxEnt (reference),0.672105073928833,0.0842,161,5,144.7289156626506,2.461654452589179e-33,
LightGBM vs CatBoost,0.37044461286850927,0.6570881128827909,8,34,14.880952380952381,0.00011451344802160634,
LightGBM vs MaxEnt (reference),0.37044461286850927,0.0842,150,11,118.28571428571429,1.5012754586491542e-27,
CatBoost vs MaxEnt (reference),0.6570881128827909,0.0842,172,7,150.25698324022346,1.5233146606626666e-34,
