scheme,fold,n_test,beta,features,k,auc
spatial,4,5,0.25,LQ,43,0.9977400000000001
spatial,5,57,2.0,LQHP,57,0.9551877192982455
spatial,6,36,3.0,LQHP,60,0.9898166666666667
spatial,7,57,0.5,LQ,42,0.9876877192982455
spatial,8,4,0.5,LQ,41,0.98645
spatial,9,4,3.0,LQHP,56,0.828675
spatial,10,48,0.5,LQ,38,0.9868583333333333
spatial,11,31,0.5,LQ,40,0.973532258064516
spatial,12,3,0.5,LQ,39,0.9713
spatial,14,11,0.25,LQ,43,0.7948818181818181
spatial,15,6,0.5,LQ,39,0.9533333333333334
spatial,16,4,3.0,LQHP,60,0.8701249999999999
spatial,18,5,0.5,LQ,39,0.8737800000000001
spatial,19,6,0.25,LQ,42,0.9240166666666666
