model_a,model_b,mean_diff,t_stat,p_raw,p_holm,significant_holm
Logistic Regression,Random Forest,-0.019049695857186875,-2.1329656845870626,0.058727101717841235,0.8809065257676185,False
CatBoost,Logistic Regression,0.014192760929954534,1.7368640677544724,0.11305571422787208,1.0,False
CatBoost,Random Forest,-0.004856934927232341,-1.6546368266518245,0.12899980273046108,1.0,False
Logistic Regression,XGBoost,-0.014809215117738583,-1.5439074593372377,0.15364221682976642,1.0,False
MaxEnt,XGBoost,-0.011341479689470019,-1.341418636326645,0.20945270295992557,1.0,False
MaxEnt,Random Forest,-0.015581960428918311,-0.9440373017964162,0.3674000176026162,1.0,False
LightGBM,XGBoost,-0.03657740839337814,-0.8078043973880978,0.4379965790635292,1.0,False
LightGBM,Random Forest,-0.04081788913282643,-0.7441189003485099,0.4739269789006466,1.0,False
CatBoost,MaxEnt,0.01072502550168597,0.7158977028542274,0.4904334538222328,1.0,False
CatBoost,LightGBM,0.035960954205594094,0.675551089724168,0.5146431507838423,1.0,False
LightGBM,MaxEnt,-0.02523592870390812,-0.6529460081095395,0.5285161069428357,1.0,False
LightGBM,Logistic Regression,-0.021768193275639558,-0.44698055656002744,0.6644141211580152,1.0,False
Random Forest,XGBoost,0.004240480739448291,0.37795305359746845,0.7133642983315487,1.0,False
Logistic Regression,MaxEnt,-0.0034677354282685643,-0.3128770841057834,0.7608016438848471,1.0,False
CatBoost,XGBoost,-0.0006164541877840495,-0.06768257833789597,0.9473724788374449,1.0,False
