lo_m,hi_m,n_pairs,morans_i,p_value,significant
0.0,250.0,6128,0.2621750586045848,0.0033333333333333335,True
250.0,500.0,17266,0.08603442897632875,0.0033333333333333335,True
500.0,750.0,27624,0.04303695946532571,0.0033333333333333335,True
750.0,1000.0,38342,0.05789053577826003,0.0033333333333333335,True
1000.0,1250.0,47828,0.019559082135242094,0.0033333333333333335,True
1250.0,1500.0,57992,0.03808766249273224,0.0033333333333333335,True
1500.0,1750.0,67546,0.03066635708817049,0.0033333333333333335,True
1750.0,2000.0,76512,0.006122122713067307,0.11,False
2000.0,2250.0,84418,-0.001777391710274424,0.6333333333333333,False
2250.0,2500.0,92444,-0.012530600247229635,0.99,False
2500.0,2750.0,100604,-0.012152122099776175,1.0,False
2750.0,3000.0,107704,0.014431883992449868,0.006666666666666667,True
3000.0,3250.0,114248,-0.0037815657625384384,0.7833333333333333,False
3250.0,3500.0,121554,0.014328483859242947,0.0033333333333333335,True
3500.0,3750.0,128936,0.004155730063455632,0.16333333333333333,False
3750.0,4000.0,134512,0.0070465198797245695,0.023333333333333334,True
4000.0,4250.0,139322,0.005137574052061808,0.09333333333333334,False
4250.0,4500.0,144206,0.007751961121990279,0.013333333333333334,True
4500.0,4750.0,148806,0.020004603833468127,0.0033333333333333335,True
4750.0,5000.0,154104,0.01806758617114406,0.0033333333333333335,True
