arm,predictors,n_predictors,auc,delta_vs_full,pct_of_full
ALL,"available_water_storage,curvature,curve_number,dem,depth_to_restriction,distance_to_outfall,distance_to_streams,drainage_density,hand,hydrologic_soil_group,impervious_pct,ksat,nlcd_landcover,population_density,slope,stormwater_density,twi",17,0.982577108433735,0.0,100.0
outfall+aws,"available_water_storage,distance_to_outfall",2,0.9601385542168674,-0.02243855421686758,97.71635691242233
outfall+dem,"dem,distance_to_outfall",2,0.9528819277108435,-0.029695180722891568,96.97782693408898
outfall+dem+hand,"dem,distance_to_outfall,hand",3,0.9524,-0.030177108433735,96.92877961691593
outfall+hand,"distance_to_outfall,hand",2,0.9350867469879518,-0.047490361445783225,95.16675474747375
distance_to_outfall,distance_to_outfall,1,0.9152234939759036,-0.06735361445783139,93.14520826103963
impervious_pct,impervious_pct,1,0.8752807228915663,-0.10729638554216869,89.08010530458998
dem,dem,1,0.8745246987951807,-0.10805240963855434,89.00316232577471
stormwater_density,stormwater_density,1,0.8694740963855421,-0.11310301204819295,88.48914644180105
nlcd_landcover,nlcd_landcover,1,0.8543192771084337,-0.12825783132530133,86.94679224414772
population_density,population_density,1,0.8516578313253012,-0.13091927710843387,86.67592843505949
available_water_storage,available_water_storage,1,0.8495554216867469,-0.1330216867469881,86.46195951389203
ksat,ksat,1,0.7982993975903614,-0.18427771084337363,81.24547078680479
hydrologic_soil_group,hydrologic_soil_group,1,0.7743759036144579,-0.20820120481927717,78.81070065318764
drainage_density,drainage_density,1,0.7411975903614458,-0.2413795180722892,75.43403810240835
depth_to_restriction,depth_to_restriction,1,0.7369620481927711,-0.2456150602409639,75.00297349360362
distance_to_streams,distance_to_streams,1,0.7118481927710844,-0.27072891566265067,72.447056486569
hand,hand,1,0.6875204819277109,-0.29505662650602416,69.97114791567294
curve_number,curve_number,1,0.6117331325301205,-0.3708439759036145,62.25802812618404
slope,slope,1,0.5887897590361446,-0.3937873493975904,59.923007973867584
curvature,curvature,1,0.533333734939759,-0.44924337349397603,54.27907187761713
twi,twi,1,0.5325614457831325,-0.45001566265060255,54.200473551847296
