fold,n_test,n_train,min_train_test_m,median_train_test_m,max_train_test_m
4,5,272,26.67063605591413,35.480373082485634,54.757517317090795
5,57,220,49.26691151748469,560.3134876991525,7270.57964625011
6,36,241,26.67063605591413,177.4757347092957,477.27235655221784
7,57,220,30.85437120299473,202.55225004703937,733.635739150178
8,4,273,30.85437120299473,101.63507091515115,156.64469812473644
9,4,273,435.895458864329,928.4516831781184,951.7003785898983
10,48,229,191.70959696385083,589.1396493035542,995.1343140546402
11,31,246,36.10089588192219,467.84669785165363,656.2239791017739
12,3,274,724.9694482116585,747.2661695161395,762.1573889950254
14,11,266,712.9501225606211,1431.167169315276,1456.7968518647854
15,6,271,36.10089588192219,68.25205091176451,91.58279960378599
16,4,273,724.9694482116585,1078.9514624682295,2702.164615445814
18,5,272,920.9599717430774,1408.698674146347,1603.7167424147558
19,6,271,920.9599717430774,1103.3153289793408,1119.685811978084
