predictor,gain_all,gain_without,gain_only,unique_contribution,n_all,n_without,n_only
distance_to_outfall,2.4799,2.3446,1.3908,0.13530000000000042,277,277,277
available_water_storage,2.4799,2.3999,0.9354,0.08000000000000007,277,277,277
dem,2.4799,2.4343,0.4943,0.04560000000000031,277,277,277
nlcd_landcover,2.4799,2.4405,0.9658,0.0394000000000001,277,277,277
depth_to_restriction,2.4799,2.4464,0.3383,0.033500000000000085,277,277,277
drainage_density,2.4799,2.4599,0.4356,0.020000000000000018,277,277,277
slope,2.4799,2.4601,0.0494,0.01980000000000004,277,277,277
impervious_pct,2.4799,2.4619,0.9059,0.018000000000000238,277,277,277
population_density,2.4799,2.4666,0.4239,0.01330000000000009,277,277,277
hydrologic_soil_group,2.4799,2.4678,0.5501,0.012100000000000222,277,277,277
ksat,2.4799,2.4706,0.5382,0.009300000000000086,277,277,277
curve_number,2.4799,2.4767,0.0497,0.0032000000000000917,277,277,277
stormwater_density,2.4799,2.4786,1.0311,0.0013000000000000789,277,277,277
curvature,2.4799,2.4789,0.0018,0.001000000000000334,277,277,277
distance_to_streams,2.4799,2.4792,0.2244,0.000700000000000145,277,277,277
twi,2.4799,2.4802,0.0051,-0.0002999999999997449,277,277,277
hand,2.4799,2.4862,0.2719,-0.006299999999999972,277,277,277
