predictor,gain_only,unique_contribution,permutation_importance_mean,permutation_importance_sd,percent_contribution_mean,percent_contribution_sd,mw_rank_biserial
distance_to_outfall,1.3908,0.1353000000000004,47.291790000000006,16.096268481887346,27.170419999999996,3.5093965511023244,-0.8229975524475525
available_water_storage,0.9354,0.08,31.8034,11.554827325888999,14.462950000000001,2.0036881467544903,0.7183035842293908
dem,0.4943,0.0456000000000003,3.77262,1.2654982231867764,2.8697299999999997,1.0202249033641773,-0.3629622377622378
nlcd_landcover,0.9658,0.0394000000000001,2.59214,1.4323461198715592,12.52357,3.5217995113136253,
depth_to_restriction,0.3383,0.0335,6.50361,2.5330053965157235,1.11994,0.4436191715123833,0.4676168458781362
drainage_density,0.4356,0.02,0.66096,0.6410430930219209,11.682970000000001,1.3298563130821481,0.4862202797202797
slope,0.0494,0.0198,0.6953799999999999,0.33702268568549903,0.7807700000000001,0.18486753245379664,0.0155916083916083
impervious_pct,0.9059,0.0180000000000002,0.5687,0.34417719273653213,10.39518,3.172320451376598,0.7283520979020979
population_density,0.4239,0.0133,0.6757199999999999,0.4099657676766033,0.6866099999999999,0.3289908828523976,0.712398951048951
hydrologic_soil_group,0.5501,0.0121000000000002,1.1069299999999997,0.9407330829966832,13.880279999999999,2.192842742398298,
ksat,0.5382,0.0093,2.1961399999999998,0.6770794835993121,1.21397,0.6005222524325529,0.4637615384615385
curve_number,0.0497,0.0032,0.86133,0.7905455318252635,0.10743,0.06359053126579983,0.2602351254480286
stormwater_density,1.0311,0.0013,0.19104000000000002,0.13203256500660066,0.25025000000000003,0.40319844369739327,0.7486664335664335
curvature,0.0018,0.0010000000000003,0.05419,0.04832635466860247,0.09917000000000001,0.09696721152591278,0.0271192307692307
distance_to_streams,0.2244,0.0007000000000001,0.37377000000000005,0.21534422082898916,1.4752399999999999,0.46348410784213756,-0.3872825174825175
twi,0.0051,-0.0002999999999997,0.00553,0.011448342917451221,0.039319999999999994,0.034254109242541984,-0.0637097902097901
hand,0.2719,-0.0062999999999999,0.64678,0.3730303913743342,1.24224,0.5779995678583544,-0.3882800699300699
