beta,feature_classes,k,n,AICc,status,delta_AICc
0.25,LQ,42,277,3794.931481796575,ok,0.0
3.0,LQHP,60,277,3796.176613884505,ok,1.24513208792996
0.5,LQ,41,277,3797.0067478378046,ok,2.075266041229497
1.0,LQ,37,277,3806.750569526605,ok,11.819087730029878
2.0,LQHP,76,277,3814.2301829858593,ok,19.298701189284202
2.0,LQ,32,277,3821.28353435058,ok,26.352052554004786
3.0,L,20,277,3829.019709627234,ok,34.08822783065898
3.0,LQ,28,277,3829.1249256167216,ok,34.19344382014651
2.0,L,24,277,3830.602169605364,ok,35.6706878087889
1.0,L,27,277,3831.3039894043804,ok,36.372507607805346
0.25,L,29,277,3833.3534665697666,ok,38.421984773191525
0.5,L,30,277,3836.523837541163,ok,41.592355744588076
1.0,LQHP,124,277,3996.5756819286416,ok,201.64420013206654
0.5,LQHP,161,277,4272.828030881598,ok,477.89654908502325
0.25,LQHP,194,277,4770.252989524088,ok,975.3215077275127
